{"cameraMode":{"drawMode":0,"name":"Shaded","section":"Shading Mode"},"sceneLighting":false,"audioPlay":false,"sceneViewState":{"m_AlwaysRefresh":false,"showFog":true,"showSkybox":false,"showFlares":true,"showImageEffects":true,"showParticleSystems":true,"showVisualEffectGraphs":true,"m_FxEnabled":true},"in2DMode":false,"pivot":{"x":-3.1763007640838625,"y":1.4314765930175782,"z":-16.211544036865236},"rotation":{"x":0.020908571779727937,"y":0.9774512052536011,"z":-0.17366304993629456,"w":0.11879371106624603},"size":4.857028961181641,"orthographic":false}